{"cameraMode":{"drawMode":0,"name":"Shaded","section":"Shading Mode"},"sceneLighting":true,"audioPlay":false,"sceneViewState":{"showFog":true,"showMaterialUpdate":false,"showSkybox":true,"showFlares":true,"showImageEffects":true,"showParticleSystems":true,"showVisualEffectGraphs":true,"m_FxEnabled":true},"in2DMode":false,"pivot":{"x":2.3867952823638918,"y":-0.28950345516204836,"z":-0.5196542739868164},"rotation":{"x":-0.32141998410224917,"y":-0.1267574280500412,"z":0.04346799850463867,"w":-0.9374362230300903},"size":2.169016122817993,"orthographic":false}