{"cameraMode":{"drawMode":0,"name":"Shaded","section":"Shading Mode"},"sceneLighting":true,"audioPlay":false,"sceneViewState":{"showFog":true,"showMaterialUpdate":false,"showSkybox":true,"showFlares":true,"showImageEffects":true,"showParticleSystems":true,"showVisualEffectGraphs":true,"m_FxEnabled":true},"in2DMode":false,"pivot":{"x":2.1414923667907717,"y":0.23990201950073243,"z":-0.025406837463378907},"rotation":{"x":-0.32141998410224917,"y":-0.1267574280500412,"z":0.04346799850463867,"w":-0.9374362230300903},"size":4.272544860839844,"orthographic":false}