{"cameraMode":{"drawMode":0,"name":"Shaded","section":"Shading Mode"},"sceneLighting":true,"audioPlay":false,"sceneViewState":{"showFog":true,"showMaterialUpdate":false,"showSkybox":true,"showFlares":true,"showImageEffects":true,"showParticleSystems":true,"showVisualEffectGraphs":true,"m_FxEnabled":true},"in2DMode":false,"pivot":{"x":7.5270185470581059,"y":-2.2299044132232668,"z":-2.0019521713256838},"rotation":{"x":-0.23172122240066529,"y":-0.6645355820655823,"z":0.22897259891033173,"w":-0.6725538372993469},"size":4.6861162185668949,"orthographic":false}