{"cameraMode":{"drawMode":0,"name":"Shaded","section":"Shading Mode"},"sceneLighting":false,"audioPlay":false,"sceneViewState":{"m_AlwaysRefresh":false,"showFog":true,"showSkybox":false,"showFlares":true,"showImageEffects":true,"showParticleSystems":true,"showVisualEffectGraphs":true,"m_FxEnabled":true},"in2DMode":false,"pivot":{"x":3.0983004570007326,"y":0.7013360261917114,"z":0.8993551135063171},"rotation":{"x":0.10114796459674835,"y":-0.11448466777801514,"z":0.011835739947855473,"w":0.9883550405502319},"size":0.6917141675949097,"orthographic":false}